,open_time,open_price,high_price,low_price,close_price,volume
0,2024-03-21 09:00:00,189.03000000,192.31000000,188.71000000,190.38000000,312443.25000000
1,2024-03-21 10:00:00,190.38000000,191.68000000,188.20000000,188.55000000,264506.89000000
2,2024-03-21 11:00:00,188.56000000,191.60000000,187.84000000,187.91000000,375503.70000000
3,2024-03-21 12:00:00,187.91000000,189.72000000,185.01000000,187.61000000,302002.53000000
4,2024-03-21 13:00:00,187.61000000,189.90000000,186.98000000,189.11000000,198395.56000000
5,2024-03-21 14:00:00,189.11000000,191.06000000,188.13000000,189.13000000,250168.87000000
6,2024-03-21 15:00:00,189.13000000,191.25000000,189.08000000,189.51000000,280151.17000000
7,2024-03-21 16:00:00,189.51000000,191.43000000,187.15000000,187.26000000,342409.60000000
8,2024-03-21 17:00:00,187.25000000,190.65000000,186.57000000,187.86000000,299717.32000000
9,2024-03-21 18:00:00,187.86000000,188.18000000,183.80000000,185.32000000,520422.76000000
10,2024-03-21 19:00:00,185.32000000,187.32000000,183.33000000,186.42000000,282266.68000000
11,2024-03-21 20:00:00,186.42000000,187.95000000,180.07000000,181.08000000,548710.91000000
12,2024-03-21 21:00:00,181.08000000,181.82000000,177.19000000,178.51000000,538754.55000000
13,2024-03-21 22:00:00,178.51000000,179.37000000,177.03000000,177.91000000,346267.00000000
14,2024-03-21 23:00:00,177.91000000,182.08000000,175.84000000,179.54000000,437048.25000000
15,2024-03-22 00:00:00,179.54000000,180.00000000,177.38000000,179.79000000,170516.06000000
16,2024-03-22 01:00:00,179.79000000,181.47000000,178.19000000,178.31000000,266391.81000000
17,2024-03-22 02:00:00,178.31000000,179.96000000,178.23000000,179.46000000,136847.95000000
18,2024-03-22 03:00:00,179.46000000,181.95000000,177.78000000,179.00000000,305114.34000000
19,2024-03-22 04:00:00,178.99000000,179.71000000,174.18000000,174.47000000,335404.67000000
20,2024-03-22 05:00:00,174.47000000,176.19000000,173.94000000,175.99000000,201081.42000000
21,2024-03-22 06:00:00,175.98000000,179.80000000,175.96000000,179.06000000,303223.80000000
22,2024-03-22 07:00:00,179.07000000,179.96000000,177.11000000,179.21000000,237133.79000000
23,2024-03-22 08:00:00,179.21000000,180.22000000,177.66000000,179.64000000,206973.98000000
24,2024-03-22 09:00:00,179.64000000,180.89000000,178.75000000,180.42000000,236977.91000000
25,2024-03-22 10:00:00,180.42000000,180.43000000,178.28000000,179.08000000,189910.29000000
26,2024-03-22 11:00:00,179.07000000,180.20000000,176.65000000,177.23000000,197768.63000000
27,2024-03-22 12:00:00,177.23000000,178.21000000,175.78000000,176.20000000,227992.26000000
28,2024-03-22 13:00:00,176.20000000,176.81000000,174.10000000,174.52000000,279723.00000000
29,2024-03-22 14:00:00,174.53000000,175.20000000,171.62000000,172.05000000,315022.63000000
30,2024-03-22 15:00:00,172.05000000,173.99000000,171.22000000,172.94000000,298309.57000000
31,2024-03-22 16:00:00,172.93000000,173.77000000,168.16000000,169.19000000,543687.84000000
32,2024-03-22 17:00:00,169.19000000,170.19000000,167.57000000,168.57000000,447769.73000000
33,2024-03-22 18:00:00,168.58000000,173.27000000,168.36000000,171.66000000,456198.02000000
34,2024-03-22 19:00:00,171.67000000,171.71000000,168.78000000,170.39000000,281924.23000000
35,2024-03-22 20:00:00,170.39000000,172.68000000,170.13000000,172.10000000,151828.60000000
36,2024-03-22 21:00:00,172.10000000,173.26000000,171.17000000,172.19000000,129664.89000000
37,2024-03-22 22:00:00,172.19000000,173.66000000,170.94000000,172.81000000,119936.69000000
38,2024-03-22 23:00:00,172.81000000,173.26000000,170.56000000,171.16000000,115119.05000000
39,2024-03-23 00:00:00,171.16000000,171.27000000,168.43000000,170.27000000,201821.18000000
40,2024-03-23 01:00:00,170.28000000,170.83000000,168.20000000,170.31000000,143630.33000000
41,2024-03-23 02:00:00,170.31000000,175.22000000,170.24000000,175.21000000,225890.04000000
42,2024-03-23 03:00:00,175.21000000,175.42000000,173.61000000,173.72000000,275155.13000000
43,2024-03-23 04:00:00,173.71000000,178.14000000,173.71000000,176.77000000,235623.70000000
44,2024-03-23 05:00:00,176.77000000,177.00000000,174.06000000,174.99000000,224339.46000000
45,2024-03-23 06:00:00,174.98000000,175.03000000,170.38000000,171.90000000,240768.04000000
46,2024-03-23 07:00:00,171.89000000,173.26000000,171.67000000,172.07000000,97179.67000000
47,2024-03-23 08:00:00,172.08000000,172.98000000,171.41000000,172.58000000,65509.79000000
48,2024-03-23 09:00:00,172.57000000,174.44000000,171.83000000,173.99000000,83921.88000000
49,2024-03-23 10:00:00,173.99000000,177.60000000,173.98000000,175.98000000,198233.55000000
50,2024-03-23 11:00:00,175.98000000,177.11000000,174.73000000,175.84000000,188319.88000000
51,2024-03-23 12:00:00,175.85000000,176.23000000,174.03000000,175.35000000,126004.73000000
52,2024-03-23 13:00:00,175.35000000,176.72000000,174.60000000,174.82000000,119741.96000000
53,2024-03-23 14:00:00,174.82000000,176.10000000,174.53000000,175.85000000,80566.53000000
54,2024-03-23 15:00:00,175.84000000,177.50000000,175.28000000,176.97000000,122282.50000000
55,2024-03-23 16:00:00,176.97000000,177.37000000,175.15000000,176.95000000,147805.17000000
56,2024-03-23 17:00:00,176.95000000,179.00000000,175.40000000,177.62000000,260849.25000000
57,2024-03-23 18:00:00,177.61000000,178.09000000,174.44000000,175.16000000,186494.34000000
58,2024-03-23 19:00:00,175.16000000,176.74000000,173.74000000,175.35000000,143229.49000000
59,2024-03-23 20:00:00,175.36000000,176.34000000,174.55000000,175.98000000,103565.52000000
60,2024-03-23 21:00:00,175.99000000,176.67000000,175.66000000,176.01000000,81856.22000000
61,2024-03-23 22:00:00,176.01000000,176.47000000,174.59000000,174.79000000,86381.28000000
62,2024-03-23 23:00:00,174.79000000,175.09000000,173.01000000,173.06000000,149534.86000000
63,2024-03-24 00:00:00,173.06000000,174.71000000,172.62000000,174.04000000,93349.55000000
64,2024-03-24 01:00:00,174.03000000,175.49000000,173.70000000,174.75000000,91699.80000000
65,2024-03-24 02:00:00,174.75000000,175.05000000,172.50000000,172.65000000,102304.31000000
66,2024-03-24 03:00:00,172.65000000,177.39000000,172.50000000,175.87000000,207672.40000000
67,2024-03-24 04:00:00,175.86000000,176.43000000,175.31000000,175.98000000,96198.10000000
68,2024-03-24 05:00:00,175.99000000,176.08000000,173.91000000,174.37000000,100328.74000000
69,2024-03-24 06:00:00,174.37000000,174.62000000,171.50000000,171.70000000,218280.17000000
70,2024-03-24 07:00:00,171.70000000,172.88000000,171.25000000,172.83000000,117135.34000000
71,2024-03-24 08:00:00,172.84000000,173.79000000,172.52000000,173.33000000,86788.96000000
72,2024-03-24 09:00:00,173.33000000,173.48000000,171.82000000,172.76000000,79394.86000000
73,2024-03-24 10:00:00,172.77000000,173.54000000,172.16000000,173.54000000,66835.89000000
74,2024-03-24 11:00:00,173.54000000,176.15000000,173.00000000,175.79000000,190969.14000000
75,2024-03-24 12:00:00,175.80000000,175.90000000,173.61000000,174.11000000,141580.71000000
76,2024-03-24 13:00:00,174.10000000,175.34000000,174.01000000,174.62000000,86233.51000000
77,2024-03-24 14:00:00,174.63000000,175.17000000,173.55000000,174.84000000,83033.45000000
78,2024-03-24 15:00:00,174.84000000,176.88000000,174.54000000,176.50000000,157032.85000000
79,2024-03-24 16:00:00,176.49000000,176.99000000,175.08000000,175.27000000,114203.40000000
80,2024-03-24 17:00:00,175.27000000,177.25000000,175.15000000,176.44000000,107324.06000000
81,2024-03-24 18:00:00,176.45000000,177.11000000,175.76000000,176.21000000,130148.97000000
82,2024-03-24 19:00:00,176.20000000,176.98000000,174.09000000,174.19000000,116329.12000000
83,2024-03-24 20:00:00,174.20000000,174.67000000,172.43000000,174.15000000,211089.35000000
84,2024-03-24 21:00:00,174.15000000,176.77000000,174.08000000,176.39000000,150272.22000000
85,2024-03-24 22:00:00,176.39000000,176.80000000,175.87000000,176.09000000,77581.31000000
86,2024-03-24 23:00:00,176.08000000,179.50000000,175.42000000,178.95000000,186052.54000000
87,2024-03-25 00:00:00,178.96000000,182.64000000,178.96000000,181.94000000,291746.86000000
88,2024-03-25 01:00:00,181.94000000,185.00000000,181.94000000,184.97000000,292887.21000000
89,2024-03-25 02:00:00,184.96000000,186.78000000,183.21000000,183.88000000,269140.22000000
90,2024-03-25 03:00:00,183.87000000,184.25000000,180.92000000,181.31000000,265553.87000000
91,2024-03-25 04:00:00,181.31000000,183.26000000,181.03000000,182.97000000,193625.16000000
92,2024-03-25 05:00:00,182.97000000,184.65000000,182.42000000,184.25000000,142324.78000000
93,2024-03-25 06:00:00,184.25000000,185.47000000,183.81000000,184.81000000,165860.40000000
94,2024-03-25 07:00:00,184.81000000,185.62000000,183.82000000,185.21000000,142112.13000000
95,2024-03-25 08:00:00,185.22000000,187.28000000,184.44000000,185.88000000,166291.04000000
96,2024-03-25 09:00:00,185.89000000,188.34000000,185.53000000,187.83000000,169550.37000000
97,2024-03-25 10:00:00,187.83000000,189.63000000,185.61000000,185.76000000,260340.25000000
98,2024-03-25 11:00:00,185.76000000,187.60000000,185.61000000,187.15000000,150164.67000000
99,2024-03-25 12:00:00,187.15000000,189.45000000,186.72000000,189.27000000,204811.53000000
100,2024-03-25 13:00:00,189.28000000,191.77000000,189.03000000,189.42000000,312730.06000000
101,2024-03-25 14:00:00,189.42000000,190.54000000,187.65000000,187.94000000,180683.94000000
102,2024-03-25 15:00:00,187.94000000,188.74000000,186.35000000,187.12000000,214973.18000000
103,2024-03-25 16:00:00,187.13000000,190.53000000,186.39000000,190.52000000,205094.14000000
104,2024-03-25 17:00:00,190.51000000,194.60000000,189.05000000,192.41000000,610020.36000000
105,2024-03-25 18:00:00,192.41000000,193.50000000,191.16000000,192.78000000,294071.94000000
106,2024-03-25 19:00:00,192.78000000,193.81000000,190.35000000,192.98000000,325157.15000000
107,2024-03-25 20:00:00,192.99000000,194.50000000,192.12000000,193.07000000,267189.48000000
108,2024-03-25 21:00:00,193.07000000,193.31000000,191.65000000,192.26000000,147510.96000000
109,2024-03-25 22:00:00,192.27000000,192.63000000,190.63000000,192.24000000,125349.03000000
110,2024-03-25 23:00:00,192.24000000,193.00000000,191.41000000,191.85000000,149733.32000000
111,2024-03-26 00:00:00,191.84000000,192.38000000,189.01000000,189.55000000,205172.66000000
112,2024-03-26 01:00:00,189.54000000,191.33000000,189.53000000,190.97000000,178699.84000000
113,2024-03-26 02:00:00,190.98000000,191.49000000,188.37000000,188.99000000,163071.59000000
114,2024-03-26 03:00:00,188.98000000,190.60000000,188.07000000,188.96000000,202356.49000000
115,2024-03-26 04:00:00,188.96000000,190.04000000,188.46000000,190.00000000,136688.48000000
116,2024-03-26 05:00:00,189.99000000,191.75000000,189.35000000,191.73000000,120988.61000000
117,2024-03-26 06:00:00,191.73000000,192.05000000,190.70000000,191.64000000,117056.04000000
118,2024-03-26 07:00:00,191.64000000,194.14000000,191.31000000,194.06000000,146345.05000000
119,2024-03-26 08:00:00,194.07000000,196.00000000,193.39000000,194.86000000,251066.05000000
120,2024-03-26 09:00:00,194.87000000,195.71000000,193.67000000,195.54000000,155743.19000000
121,2024-03-26 10:00:00,195.55000000,196.57000000,193.78000000,193.99000000,280897.03000000
122,2024-03-26 11:00:00,194.00000000,194.88000000,192.01000000,194.30000000,217450.47000000
123,2024-03-26 12:00:00,194.30000000,195.50000000,193.70000000,195.22000000,124068.05000000
124,2024-03-26 13:00:00,195.21000000,196.26000000,194.64000000,195.70000000,138065.49000000
125,2024-03-26 14:00:00,195.69000000,196.03000000,194.50000000,194.80000000,129516.29000000
126,2024-03-26 15:00:00,194.80000000,195.31000000,193.25000000,194.81000000,148284.90000000
127,2024-03-26 16:00:00,194.81000000,195.15000000,191.40000000,192.69000000,235964.46000000
128,2024-03-26 17:00:00,192.68000000,193.24000000,189.48000000,191.94000000,390073.06000000
129,2024-03-26 18:00:00,191.94000000,192.00000000,189.59000000,190.35000000,217310.50000000
130,2024-03-26 19:00:00,190.35000000,191.50000000,186.42000000,187.38000000,401930.90000000
131,2024-03-26 20:00:00,187.37000000,189.00000000,186.00000000,188.70000000,271207.00000000
132,2024-03-26 21:00:00,188.69000000,191.12000000,188.47000000,189.15000000,122911.35000000
133,2024-03-26 22:00:00,189.15000000,189.33000000,186.99000000,188.29000000,162335.13000000
134,2024-03-26 23:00:00,188.30000000,190.06000000,188.26000000,189.94000000,105276.58000000
135,2024-03-27 00:00:00,189.93000000,192.50000000,189.55000000,191.21000000,137275.45000000
136,2024-03-27 01:00:00,191.22000000,192.50000000,189.88000000,192.25000000,149493.28000000
137,2024-03-27 02:00:00,192.26000000,192.58000000,190.37000000,190.46000000,103307.51000000
138,2024-03-27 03:00:00,190.46000000,192.47000000,188.69000000,192.36000000,195658.68000000
139,2024-03-27 04:00:00,192.36000000,192.74000000,190.21000000,190.49000000,130096.26000000
140,2024-03-27 05:00:00,190.50000000,191.81000000,189.37000000,191.72000000,121800.36000000
141,2024-03-27 06:00:00,191.72000000,191.78000000,189.81000000,189.99000000,135210.30000000
142,2024-03-27 07:00:00,189.99000000,190.49000000,188.61000000,189.14000000,90745.30000000
143,2024-03-27 08:00:00,189.15000000,190.37000000,188.75000000,190.16000000,112326.53000000
144,2024-03-27 09:00:00,190.16000000,190.54000000,189.00000000,189.52000000,70240.94000000
145,2024-03-27 10:00:00,189.52000000,189.65000000,186.04000000,186.79000000,222842.30000000
146,2024-03-27 11:00:00,186.80000000,187.69000000,184.93000000,185.01000000,152759.09000000
147,2024-03-27 12:00:00,185.01000000,186.39000000,183.51000000,186.07000000,266442.64000000
148,2024-03-27 13:00:00,186.07000000,186.93000000,185.60000000,186.58000000,172898.28000000
149,2024-03-27 14:00:00,186.59000000,188.68000000,186.05000000,188.53000000,161824.74000000
150,2024-03-27 15:00:00,188.54000000,188.74000000,186.20000000,187.12000000,148052.32000000
151,2024-03-27 16:00:00,187.13000000,191.20000000,185.06000000,185.64000000,883662.34000000
152,2024-03-27 17:00:00,185.65000000,186.14000000,180.00000000,185.13000000,717502.69000000
153,2024-03-27 18:00:00,185.13000000,185.41000000,181.00000000,181.11000000,304082.64000000
154,2024-03-27 19:00:00,181.11000000,183.15000000,180.00000000,182.97000000,314566.86000000
155,2024-03-27 20:00:00,182.98000000,184.18000000,182.40000000,183.15000000,130146.63000000
156,2024-03-27 21:00:00,183.14000000,183.77000000,181.00000000,181.33000000,144308.10000000
157,2024-03-27 22:00:00,181.33000000,183.09000000,181.31000000,182.68000000,107047.19000000
158,2024-03-27 23:00:00,182.68000000,185.23000000,182.60000000,185.19000000,166078.55000000
159,2024-03-28 00:00:00,185.19000000,185.46000000,184.12000000,184.34000000,143895.04000000
160,2024-03-28 01:00:00,184.34000000,189.33000000,184.21000000,186.97000000,164811.69000000
161,2024-03-28 02:00:00,186.96000000,186.97000000,184.67000000,186.33000000,116929.62000000
162,2024-03-28 03:00:00,186.34000000,188.09000000,185.31000000,186.53000000,177429.71000000
163,2024-03-28 04:00:00,186.54000000,187.07000000,183.53000000,184.31000000,164718.64000000
164,2024-03-28 05:00:00,184.31000000,185.01000000,181.05000000,182.02000000,191688.99000000
165,2024-03-28 06:00:00,182.02000000,182.54000000,180.92000000,182.17000000,101414.61000000
166,2024-03-28 07:00:00,182.16000000,183.90000000,182.00000000,183.69000000,76699.28000000
167,2024-03-28 08:00:00,183.69000000,184.57000000,183.16000000,183.66000000,81517.20000000
168,2024-03-28 09:00:00,183.65000000,187.00000000,183.18000000,186.92000000,194737.54000000
169,2024-03-28 10:00:00,186.93000000,187.56000000,185.98000000,187.33000000,120591.95000000
170,2024-03-28 11:00:00,187.32000000,188.59000000,186.80000000,186.96000000,239564.38000000
171,2024-03-28 12:00:00,186.96000000,188.28000000,186.76000000,187.48000000,106525.48000000
172,2024-03-28 13:00:00,187.48000000,187.60000000,185.52000000,186.46000000,120246.70000000
173,2024-03-28 14:00:00,186.46000000,187.10000000,184.70000000,185.39000000,114603.81000000
174,2024-03-28 15:00:00,185.38000000,185.91000000,183.06000000,184.27000000,126209.04000000
175,2024-03-28 16:00:00,184.26000000,186.19000000,182.67000000,186.02000000,195855.35000000
176,2024-03-28 17:00:00,186.01000000,189.45000000,185.25000000,188.94000000,259454.35000000
177,2024-03-28 18:00:00,188.94000000,188.98000000,185.89000000,187.36000000,215627.74000000
178,2024-03-28 19:00:00,187.36000000,187.39000000,184.83000000,185.34000000,141230.95000000
179,2024-03-28 20:00:00,185.34000000,185.55000000,184.49000000,185.39000000,89789.06000000
180,2024-03-28 21:00:00,185.39000000,187.00000000,185.23000000,186.25000000,136426.86000000
181,2024-03-28 22:00:00,186.24000000,186.94000000,185.91000000,186.27000000,86149.08000000
182,2024-03-28 23:00:00,186.27000000,188.14000000,186.16000000,187.55000000,240029.61000000
183,2024-03-29 00:00:00,187.55000000,188.90000000,187.04000000,187.22000000,103044.64000000
184,2024-03-29 01:00:00,187.21000000,189.95000000,186.27000000,189.93000000,153701.09000000
185,2024-03-29 02:00:00,189.93000000,190.93000000,189.09000000,189.63000000,164938.08000000
186,2024-03-29 03:00:00,189.64000000,189.66000000,187.60000000,188.65000000,115165.23000000
187,2024-03-29 04:00:00,188.66000000,190.74000000,188.08000000,188.77000000,161530.04000000
188,2024-03-29 05:00:00,188.76000000,190.16000000,187.78000000,189.28000000,150444.20000000
189,2024-03-29 06:00:00,189.27000000,190.37000000,188.05000000,188.34000000,127823.47000000
190,2024-03-29 07:00:00,188.33000000,189.14000000,187.17000000,187.63000000,129687.25000000
191,2024-03-29 08:00:00,187.63000000,188.13000000,185.74000000,186.02000000,101599.05000000
192,2024-03-29 09:00:00,186.02000000,186.92000000,185.33000000,186.48000000,92536.56000000
193,2024-03-29 10:00:00,186.47000000,186.94000000,183.39000000,183.63000000,144188.27000000
194,2024-03-29 11:00:00,183.63000000,186.19000000,183.48000000,185.44000000,137058.31000000
195,2024-03-29 12:00:00,185.44000000,186.00000000,183.46000000,183.77000000,118588.13000000
196,2024-03-29 13:00:00,183.76000000,185.66000000,183.44000000,185.62000000,99372.19000000
197,2024-03-29 14:00:00,185.63000000,186.45000000,185.33000000,185.83000000,113955.16000000
198,2024-03-29 15:00:00,185.83000000,186.40000000,184.71000000,185.76000000,95886.75000000
199,2024-03-29 16:00:00,185.76000000,186.97000000,185.15000000,186.85000000,110064.41000000
200,2024-03-29 17:00:00,186.85000000,190.00000000,186.76000000,188.50000000,416451.71000000
201,2024-03-29 18:00:00,188.50000000,188.88000000,184.20000000,184.91000000,275418.60000000
202,2024-03-29 19:00:00,184.92000000,187.25000000,184.33000000,184.79000000,177341.40000000
203,2024-03-29 20:00:00,184.79000000,186.34000000,184.48000000,185.96000000,114742.10000000
204,2024-03-29 21:00:00,185.96000000,186.40000000,185.37000000,186.19000000,69357.27000000
205,2024-03-29 22:00:00,186.19000000,187.72000000,185.49000000,187.69000000,79754.68000000
206,2024-03-29 23:00:00,187.69000000,189.97000000,187.44000000,189.63000000,197153.32000000
207,2024-03-30 00:00:00,189.62000000,189.80000000,187.33000000,188.50000000,143103.41000000
208,2024-03-30 01:00:00,188.50000000,192.37000000,188.50000000,192.24000000,249350.50000000
209,2024-03-30 02:00:00,192.23000000,193.00000000,191.54000000,192.01000000,159543.75000000
210,2024-03-30 03:00:00,192.02000000,194.52000000,190.71000000,194.09000000,206216.12000000
211,2024-03-30 04:00:00,194.08000000,194.31000000,192.12000000,192.32000000,180639.92000000
212,2024-03-30 05:00:00,192.32000000,192.58000000,191.44000000,191.96000000,98257.39000000
213,2024-03-30 06:00:00,191.96000000,193.17000000,191.88000000,192.77000000,85995.71000000
214,2024-03-30 07:00:00,192.77000000,198.50000000,192.57000000,198.36000000,335459.64000000
215,2024-03-30 08:00:00,198.37000000,200.00000000,197.49000000,198.67000000,345923.32000000
216,2024-03-30 09:00:00,198.66000000,199.87000000,197.28000000,197.77000000,323775.28000000
217,2024-03-30 10:00:00,197.78000000,198.66000000,195.53000000,195.76000000,167293.00000000
218,2024-03-30 11:00:00,195.76000000,196.55000000,193.19000000,194.61000000,238946.14000000
219,2024-03-30 12:00:00,194.61000000,196.74000000,194.39000000,195.96000000,139759.80000000
220,2024-03-30 13:00:00,195.96000000,196.72000000,195.38000000,195.99000000,92503.37000000
221,2024-03-30 14:00:00,195.99000000,198.80000000,195.99000000,197.76000000,135567.49000000
222,2024-03-30 15:00:00,197.76000000,198.50000000,196.62000000,197.98000000,125495.38000000
223,2024-03-30 16:00:00,197.99000000,198.02000000,196.15000000,197.14000000,103000.84000000
224,2024-03-30 17:00:00,197.13000000,197.38000000,195.05000000,195.90000000,102542.93000000
225,2024-03-30 18:00:00,195.89000000,196.77000000,195.31000000,196.29000000,86906.28000000
226,2024-03-30 19:00:00,196.30000000,197.90000000,195.70000000,197.60000000,122457.30000000
227,2024-03-30 20:00:00,197.61000000,197.82000000,196.61000000,196.93000000,68569.57000000
228,2024-03-30 21:00:00,196.94000000,197.03000000,195.67000000,195.67000000,62143.53000000
229,2024-03-30 22:00:00,195.70000000,195.85000000,193.44000000,195.45000000,126944.64000000
230,2024-03-30 23:00:00,195.45000000,195.81000000,194.50000000,194.78000000,67450.66000000
231,2024-03-31 00:00:00,194.78000000,195.61000000,193.73000000,195.17000000,63904.25000000
232,2024-03-31 01:00:00,195.16000000,196.74000000,194.57000000,196.18000000,97458.64000000
233,2024-03-31 02:00:00,196.17000000,196.17000000,193.26000000,194.20000000,114123.18000000
234,2024-03-31 03:00:00,194.19000000,196.11000000,194.07000000,195.24000000,82824.99000000
235,2024-03-31 04:00:00,195.23000000,197.24000000,194.44000000,196.87000000,112890.18000000
236,2024-03-31 05:00:00,196.87000000,197.31000000,195.17000000,195.54000000,70864.85000000
237,2024-03-31 06:00:00,195.53000000,195.77000000,193.69000000,194.29000000,112269.30000000
238,2024-03-31 07:00:00,194.30000000,195.59000000,194.00000000,195.40000000,68491.32000000
239,2024-03-31 08:00:00,195.41000000,196.70000000,195.18000000,196.51000000,69308.45000000
240,2024-03-31 09:00:00,196.51000000,196.56000000,194.76000000,195.02000000,83161.63000000
241,2024-03-31 10:00:00,195.03000000,197.34000000,194.82000000,196.74000000,106357.45000000
242,2024-03-31 11:00:00,196.75000000,197.21000000,196.03000000,197.02000000,105312.96000000
243,2024-03-31 12:00:00,197.02000000,197.10000000,195.70000000,196.60000000,61409.21000000
244,2024-03-31 13:00:00,196.61000000,197.01000000,195.98000000,195.99000000,56031.53000000
245,2024-03-31 14:00:00,195.98000000,196.57000000,195.43000000,195.83000000,57085.53000000
246,2024-03-31 15:00:00,195.83000000,196.81000000,195.63000000,196.33000000,48441.09000000
247,2024-03-31 16:00:00,196.33000000,197.66000000,196.08000000,197.02000000,81204.01000000
248,2024-03-31 17:00:00,197.02000000,197.42000000,196.09000000,196.32000000,73686.24000000
249,2024-03-31 18:00:00,196.32000000,196.36000000,195.46000000,195.69000000,74795.10000000
250,2024-03-31 19:00:00,195.69000000,196.74000000,195.51000000,196.36000000,74611.19000000
251,2024-03-31 20:00:00,196.35000000,197.19000000,196.19000000,196.88000000,63000.47000000
252,2024-03-31 21:00:00,196.87000000,199.33000000,196.05000000,198.33000000,151729.15000000
253,2024-03-31 22:00:00,198.33000000,201.00000000,197.81000000,200.13000000,304117.79000000
254,2024-03-31 23:00:00,200.13000000,200.47000000,198.45000000,199.43000000,147133.30000000
255,2024-04-01 00:00:00,199.43000000,199.76000000,198.52000000,199.70000000,80830.26000000
256,2024-04-01 01:00:00,199.70000000,201.00000000,199.53000000,200.62000000,91357.76000000
257,2024-04-01 02:00:00,200.62000000,203.17000000,200.20000000,202.45000000,221221.69000000
258,2024-04-01 03:00:00,202.45000000,202.45000000,200.82000000,201.99000000,114644.21000000
259,2024-04-01 04:00:00,202.00000000,204.46000000,201.93000000,203.10000000,215506.82000000
260,2024-04-01 05:00:00,203.10000000,203.61000000,202.35000000,202.67000000,106899.61000000
261,2024-04-01 06:00:00,202.68000000,203.32000000,201.35000000,202.58000000,113201.04000000
262,2024-04-01 07:00:00,202.57000000,203.53000000,199.82000000,201.08000000,189049.57000000
263,2024-04-01 08:00:00,201.09000000,201.54000000,193.25000000,194.74000000,579379.46000000
264,2024-04-01 09:00:00,194.74000000,198.44000000,194.10000000,198.21000000,333680.66000000
265,2024-04-01 10:00:00,198.21000000,199.30000000,197.77000000,197.96000000,178987.98000000
266,2024-04-01 11:00:00,197.96000000,197.96000000,195.31000000,196.45000000,201146.26000000
267,2024-04-01 12:00:00,196.46000000,198.00000000,196.41000000,196.67000000,107235.05000000
268,2024-04-01 13:00:00,196.68000000,197.31000000,194.73000000,196.45000000,120294.69000000
269,2024-04-01 14:00:00,196.45000000,197.43000000,195.14000000,195.14000000,138468.12000000
270,2024-04-01 15:00:00,195.14000000,196.93000000,194.86000000,196.93000000,103586.15000000
271,2024-04-01 16:00:00,196.93000000,197.75000000,196.01000000,196.76000000,136228.28000000
272,2024-04-01 17:00:00,196.76000000,196.99000000,190.72000000,191.27000000,451855.02000000
273,2024-04-01 18:00:00,191.28000000,192.00000000,186.87000000,188.08000000,481107.24000000
274,2024-04-01 19:00:00,188.08000000,191.08000000,187.28000000,189.41000000,210385.69000000
275,2024-04-01 20:00:00,189.42000000,190.32000000,187.80000000,190.32000000,120932.77000000
276,2024-04-01 21:00:00,190.32000000,190.33000000,187.48000000,189.62000000,133123.08000000
277,2024-04-01 22:00:00,189.63000000,193.52000000,188.97000000,193.33000000,206498.03000000
278,2024-04-01 23:00:00,193.32000000,193.80000000,191.79000000,193.70000000,110378.67000000
279,2024-04-02 00:00:00,193.70000000,193.96000000,192.44000000,192.70000000,88964.84000000
280,2024-04-02 01:00:00,192.70000000,193.75000000,192.03000000,192.84000000,98455.25000000
281,2024-04-02 02:00:00,192.83000000,193.24000000,192.17000000,192.24000000,59768.16000000
282,2024-04-02 03:00:00,192.24000000,192.24000000,188.38000000,189.79000000,139946.95000000
283,2024-04-02 04:00:00,189.80000000,191.32000000,189.19000000,190.14000000,138020.01000000
284,2024-04-02 05:00:00,190.13000000,190.20000000,181.71000000,185.40000000,546123.48000000
285,2024-04-02 06:00:00,185.41000000,186.35000000,182.97000000,183.59000000,271131.38000000
286,2024-04-02 07:00:00,183.59000000,184.65000000,182.03000000,183.48000000,233093.99000000
287,2024-04-02 08:00:00,183.47000000,184.54000000,181.00000000,184.51000000,202310.50000000
288,2024-04-02 09:00:00,184.50000000,186.27000000,184.04000000,185.43000000,157200.50000000
289,2024-04-02 10:00:00,185.42000000,185.50000000,182.64000000,183.17000000,142482.59000000
290,2024-04-02 11:00:00,183.18000000,183.85000000,180.56000000,181.10000000,176421.43000000
291,2024-04-02 12:00:00,181.11000000,183.03000000,179.56000000,182.25000000,298357.11000000
292,2024-04-02 13:00:00,182.26000000,182.71000000,179.58000000,180.82000000,193910.42000000
293,2024-04-02 14:00:00,180.82000000,181.40000000,177.49000000,179.87000000,266448.86000000
294,2024-04-02 15:00:00,179.87000000,181.65000000,178.59000000,179.13000000,212496.30000000
295,2024-04-02 16:00:00,179.12000000,179.79000000,175.92000000,178.50000000,310718.74000000
296,2024-04-02 17:00:00,178.50000000,182.22000000,178.30000000,180.44000000,293536.34000000
297,2024-04-02 18:00:00,180.45000000,182.10000000,176.86000000,177.43000000,219360.51000000
298,2024-04-02 19:00:00,177.43000000,181.07000000,176.77000000,180.54000000,270679.26000000
299,2024-04-02 20:00:00,180.55000000,182.67000000,180.06000000,182.52000000,170433.91000000
300,2024-04-02 21:00:00,182.51000000,185.50000000,181.67000000,185.08000000,464626.42000000
301,2024-04-02 22:00:00,185.07000000,186.89000000,184.45000000,185.69000000,293744.89000000
302,2024-04-02 23:00:00,185.67000000,186.42000000,183.74000000,184.63000000,204836.23000000
303,2024-04-03 00:00:00,184.62000000,185.38000000,182.37000000,183.89000000,193871.70000000
304,2024-04-03 01:00:00,183.89000000,185.16000000,183.04000000,184.10000000,189888.92000000
305,2024-04-03 02:00:00,184.09000000,184.09000000,180.71000000,181.53000000,177136.96000000
306,2024-04-03 03:00:00,181.53000000,182.60000000,176.92000000,181.15000000,412819.68000000
307,2024-04-03 04:00:00,181.15000000,186.18000000,178.89000000,185.20000000,335528.14000000
308,2024-04-03 05:00:00,185.20000000,186.48000000,184.45000000,185.72000000,201670.42000000
309,2024-04-03 06:00:00,185.72000000,189.09000000,184.20000000,188.47000000,264432.18000000
310,2024-04-03 07:00:00,188.47000000,188.85000000,186.98000000,187.87000000,266389.66000000
311,2024-04-03 08:00:00,187.88000000,188.77000000,187.18000000,188.57000000,242127.38000000
312,2024-04-03 09:00:00,188.56000000,192.00000000,188.23000000,190.58000000,407390.12000000
313,2024-04-03 10:00:00,190.58000000,191.07000000,189.07000000,189.54000000,160179.64000000
314,2024-04-03 11:00:00,189.54000000,191.66000000,188.24000000,190.61000000,184731.41000000
315,2024-04-03 12:00:00,190.61000000,191.40000000,189.78000000,190.24000000,117968.54000000
316,2024-04-03 13:00:00,190.24000000,190.36000000,186.90000000,188.54000000,161011.55000000
317,2024-04-03 14:00:00,188.53000000,188.90000000,186.41000000,187.75000000,199067.37000000
318,2024-04-03 15:00:00,187.76000000,189.02000000,186.75000000,188.00000000,180240.03000000
319,2024-04-03 16:00:00,187.99000000,189.23000000,186.50000000,187.04000000,199051.00000000
320,2024-04-03 17:00:00,187.05000000,191.25000000,187.05000000,190.43000000,276630.88000000
321,2024-04-03 18:00:00,190.44000000,190.55000000,187.57000000,189.06000000,148706.32000000
322,2024-04-03 19:00:00,189.06000000,191.03000000,188.56000000,189.17000000,190319.66000000
323,2024-04-03 20:00:00,189.17000000,190.00000000,187.35000000,187.87000000,148769.17000000
324,2024-04-03 21:00:00,187.87000000,187.87000000,184.09000000,186.40000000,204891.89000000
325,2024-04-03 22:00:00,186.41000000,186.87000000,184.46000000,185.65000000,257675.92000000
326,2024-04-03 23:00:00,185.65000000,185.85000000,182.80000000,183.49000000,113923.79000000
327,2024-04-04 00:00:00,183.49000000,185.25000000,182.08000000,185.09000000,115499.03000000
328,2024-04-04 01:00:00,185.08000000,186.55000000,184.62000000,186.14000000,149495.54000000
329,2024-04-04 02:00:00,186.14000000,186.61000000,184.94000000,185.05000000,71756.25000000
330,2024-04-04 03:00:00,185.05000000,187.40000000,184.48000000,186.73000000,102611.16000000
331,2024-04-04 04:00:00,186.73000000,186.73000000,184.25000000,185.75000000,95951.75000000
332,2024-04-04 05:00:00,185.75000000,185.99000000,182.37000000,183.36000000,157016.00000000
333,2024-04-04 06:00:00,183.35000000,183.70000000,180.83000000,181.52000000,277907.98000000
334,2024-04-04 07:00:00,181.51000000,182.19000000,180.02000000,182.01000000,172639.86000000
335,2024-04-04 08:00:00,182.01000000,183.48000000,181.64000000,182.78000000,80277.19000000
336,2024-04-04 09:00:00,182.77000000,184.67000000,182.62000000,183.97000000,97756.15000000
337,2024-04-04 10:00:00,183.96000000,185.82000000,183.52000000,184.96000000,142684.11000000
338,2024-04-04 11:00:00,184.96000000,186.24000000,184.43000000,185.55000000,140884.28000000
339,2024-04-04 12:00:00,185.55000000,185.98000000,184.84000000,185.27000000,91253.23000000
340,2024-04-04 13:00:00,185.28000000,186.34000000,184.64000000,185.58000000,92328.07000000
341,2024-04-04 14:00:00,185.58000000,186.00000000,184.81000000,185.62000000,63001.74000000
342,2024-04-04 15:00:00,185.63000000,187.66000000,185.38000000,186.84000000,162871.44000000
343,2024-04-04 16:00:00,186.83000000,189.71000000,186.73000000,188.17000000,290836.04000000
344,2024-04-04 17:00:00,188.16000000,189.41000000,187.30000000,188.15000000,222312.65000000
345,2024-04-04 18:00:00,188.15000000,188.29000000,186.39000000,186.99000000,173960.41000000
346,2024-04-04 19:00:00,187.00000000,188.46000000,186.66000000,187.28000000,112678.10000000
347,2024-04-04 20:00:00,187.28000000,189.25000000,186.83000000,189.07000000,133827.16000000
348,2024-04-04 21:00:00,189.07000000,190.13000000,185.62000000,186.06000000,260600.21000000
349,2024-04-04 22:00:00,186.06000000,187.00000000,185.47000000,185.66000000,140752.22000000
350,2024-04-04 23:00:00,185.65000000,185.83000000,181.18000000,182.53000000,356869.16000000
351,2024-04-05 00:00:00,182.52000000,183.35000000,180.98000000,182.03000000,177800.67000000
352,2024-04-05 01:00:00,182.02000000,183.18000000,181.61000000,182.29000000,109743.01000000
353,2024-04-05 02:00:00,182.29000000,184.02000000,182.08000000,184.00000000,117184.77000000
354,2024-04-05 03:00:00,184.00000000,185.07000000,182.94000000,184.89000000,92235.51000000
355,2024-04-05 04:00:00,184.90000000,184.90000000,181.31000000,182.34000000,111100.37000000
356,2024-04-05 05:00:00,182.33000000,182.37000000,177.60000000,177.98000000,280505.83000000
357,2024-04-05 06:00:00,177.97000000,179.83000000,177.77000000,179.42000000,125968.28000000
358,2024-04-05 07:00:00,179.41000000,180.37000000,175.58000000,176.97000000,243857.09000000
359,2024-04-05 08:00:00,176.96000000,177.34000000,173.16000000,175.55000000,388232.81000000
360,2024-04-05 09:00:00,175.55000000,176.82000000,174.90000000,175.18000000,279210.11000000
361,2024-04-05 10:00:00,175.18000000,175.70000000,172.88000000,175.04000000,360084.67000000
362,2024-04-05 11:00:00,175.04000000,177.10000000,171.80000000,172.93000000,287499.86000000
363,2024-04-05 12:00:00,172.93000000,172.93000000,170.39000000,172.43000000,277210.09000000
364,2024-04-05 13:00:00,172.43000000,172.67000000,169.80000000,172.00000000,259962.34000000
365,2024-04-05 14:00:00,172.00000000,172.48000000,169.11000000,169.76000000,196576.11000000
366,2024-04-05 15:00:00,169.76000000,172.81000000,167.84000000,172.73000000,476434.64000000
367,2024-04-05 16:00:00,172.73000000,175.24000000,171.06000000,175.01000000,372678.12000000
368,2024-04-05 17:00:00,175.01000000,177.36000000,174.01000000,175.83000000,304350.41000000
369,2024-04-05 18:00:00,175.83000000,176.40000000,174.04000000,175.89000000,178275.80000000
370,2024-04-05 19:00:00,175.89000000,176.61000000,173.81000000,174.31000000,101941.75000000
371,2024-04-05 20:00:00,174.32000000,174.43000000,172.58000000,173.23000000,118285.29000000
372,2024-04-05 21:00:00,173.24000000,174.87000000,172.44000000,174.63000000,108261.76000000
373,2024-04-05 22:00:00,174.63000000,176.90000000,174.61000000,175.40000000,145140.77000000
374,2024-04-05 23:00:00,175.40000000,176.83000000,175.03000000,175.84000000,92148.47000000
375,2024-04-06 00:00:00,175.83000000,176.65000000,175.05000000,175.05000000,66769.82000000
376,2024-04-06 01:00:00,175.06000000,175.55000000,174.17000000,174.40000000,77093.36000000
377,2024-04-06 02:00:00,174.40000000,175.39000000,174.11000000,174.37000000,57023.96000000
378,2024-04-06 03:00:00,174.37000000,176.55000000,173.59000000,175.32000000,119852.07000000
379,2024-04-06 04:00:00,175.32000000,176.35000000,174.46000000,174.74000000,75756.67000000
380,2024-04-06 05:00:00,174.74000000,175.10000000,173.54000000,173.74000000,85187.38000000
381,2024-04-06 06:00:00,173.74000000,176.28000000,173.74000000,175.93000000,87103.09000000
382,2024-04-06 07:00:00,175.93000000,176.08000000,174.89000000,175.69000000,68775.32000000
383,2024-04-06 08:00:00,175.70000000,178.21000000,175.46000000,177.53000000,148527.42000000
384,2024-04-06 09:00:00,177.53000000,178.07000000,177.00000000,177.85000000,110379.64000000
385,2024-04-06 10:00:00,177.85000000,177.90000000,176.66000000,177.27000000,99104.98000000
386,2024-04-06 11:00:00,177.27000000,178.08000000,176.55000000,177.97000000,95883.77000000
387,2024-04-06 12:00:00,177.97000000,178.45000000,176.08000000,176.14000000,108905.61000000
388,2024-04-06 13:00:00,176.13000000,176.75000000,175.28000000,176.17000000,81881.85000000
389,2024-04-06 14:00:00,176.17000000,176.41000000,175.34000000,175.69000000,47238.24000000
390,2024-04-06 15:00:00,175.69000000,176.13000000,174.50000000,175.08000000,72173.29000000
391,2024-04-06 16:00:00,175.07000000,175.07000000,173.79000000,174.13000000,82685.64000000
392,2024-04-06 17:00:00,174.13000000,175.95000000,173.88000000,175.21000000,75970.64000000
393,2024-04-06 18:00:00,175.21000000,177.32000000,174.90000000,177.17000000,125374.24000000
394,2024-04-06 19:00:00,177.16000000,178.99000000,176.60000000,177.70000000,222459.76000000
395,2024-04-06 20:00:00,177.71000000,178.42000000,176.50000000,177.47000000,97603.12000000
396,2024-04-06 21:00:00,177.48000000,177.91000000,176.90000000,177.12000000,50240.05000000
397,2024-04-06 22:00:00,177.12000000,177.79000000,176.74000000,177.37000000,52756.99000000
398,2024-04-06 23:00:00,177.37000000,177.94000000,176.74000000,177.87000000,35847.37000000
399,2024-04-07 00:00:00,177.88000000,178.65000000,176.94000000,177.75000000,100058.17000000
400,2024-04-07 01:00:00,177.75000000,178.73000000,177.08000000,178.60000000,376009.15000000
401,2024-04-07 02:00:00,178.59000000,179.89000000,178.56000000,178.68000000,222094.92000000
402,2024-04-07 03:00:00,178.69000000,178.98000000,177.26000000,178.07000000,83925.59000000
403,2024-04-07 04:00:00,178.08000000,182.35000000,177.99000000,182.28000000,253686.14000000
404,2024-04-07 05:00:00,182.28000000,182.71000000,180.42000000,180.87000000,129119.45000000
405,2024-04-07 06:00:00,180.88000000,181.71000000,180.54000000,180.65000000,83531.42000000
406,2024-04-07 07:00:00,180.66000000,181.10000000,179.97000000,180.48000000,79366.09000000
407,2024-04-07 08:00:00,180.47000000,181.31000000,180.47000000,181.04000000,50618.57000000
408,2024-04-07 09:00:00,181.04000000,181.12000000,179.05000000,179.56000000,68782.06000000
409,2024-04-07 10:00:00,179.55000000,180.00000000,179.36000000,179.75000000,46150.09000000
410,2024-04-07 11:00:00,179.74000000,180.87000000,179.74000000,180.13000000,68317.52000000
411,2024-04-07 12:00:00,180.15000000,180.19000000,178.66000000,179.35000000,53625.10000000
412,2024-04-07 13:00:00,179.35000000,180.42000000,179.03000000,180.39000000,43561.28000000
413,2024-04-07 14:00:00,180.40000000,180.87000000,179.79000000,180.73000000,57856.68000000
414,2024-04-07 15:00:00,180.72000000,181.58000000,179.89000000,181.10000000,74841.15000000
415,2024-04-07 16:00:00,181.09000000,181.97000000,180.73000000,181.53000000,108559.28000000
416,2024-04-07 17:00:00,181.52000000,182.20000000,180.71000000,181.80000000,107200.97000000
417,2024-04-07 18:00:00,181.80000000,182.31000000,179.49000000,179.64000000,171924.72000000
418,2024-04-07 19:00:00,179.65000000,182.68000000,179.60000000,181.71000000,153012.96000000
419,2024-04-07 20:00:00,181.71000000,181.71000000,179.86000000,180.07000000,85155.92000000
420,2024-04-07 21:00:00,180.07000000,180.17000000,177.69000000,178.79000000,118893.51000000
421,2024-04-07 22:00:00,178.79000000,179.56000000,177.78000000,178.27000000,104701.30000000
422,2024-04-07 23:00:00,178.28000000,179.43000000,178.01000000,178.79000000,55408.91000000
423,2024-04-08 00:00:00,178.78000000,179.44000000,177.80000000,177.81000000,58990.10000000
424,2024-04-08 01:00:00,177.82000000,178.86000000,176.85000000,178.57000000,107119.51000000
425,2024-04-08 02:00:00,178.58000000,180.05000000,178.40000000,179.52000000,71449.91000000
426,2024-04-08 03:00:00,179.51000000,179.53000000,176.93000000,177.98000000,94713.19000000
427,2024-04-08 04:00:00,177.97000000,179.32000000,177.05000000,177.20000000,110955.37000000
428,2024-04-08 05:00:00,177.20000000,177.61000000,176.25000000,176.63000000,130347.29000000
429,2024-04-08 06:00:00,176.62000000,176.95000000,175.25000000,176.41000000,120271.51000000
430,2024-04-08 07:00:00,176.40000000,176.60000000,175.75000000,176.00000000,89416.71000000
431,2024-04-08 08:00:00,176.00000000,177.24000000,175.97000000,177.13000000,77631.45000000
432,2024-04-08 09:00:00,177.13000000,177.48000000,176.27000000,176.94000000,62078.70000000
433,2024-04-08 10:00:00,176.94000000,181.12000000,176.51000000,180.15000000,263538.31000000
434,2024-04-08 11:00:00,180.15000000,184.36000000,179.72000000,183.63000000,562178.13000000
435,2024-04-08 12:00:00,183.64000000,184.68000000,182.73000000,183.00000000,285802.11000000
436,2024-04-08 13:00:00,182.99000000,184.00000000,181.88000000,183.25000000,188222.48000000
437,2024-04-08 14:00:00,183.25000000,183.38000000,182.09000000,182.74000000,147695.91000000
438,2024-04-08 15:00:00,182.73000000,183.60000000,180.48000000,180.50000000,175913.63000000
439,2024-04-08 16:00:00,180.51000000,182.38000000,180.08000000,180.96000000,217434.16000000
440,2024-04-08 17:00:00,180.95000000,181.17000000,179.35000000,180.57000000,187787.51000000
441,2024-04-08 18:00:00,180.58000000,182.20000000,180.17000000,181.46000000,158575.28000000
442,2024-04-08 19:00:00,181.46000000,182.12000000,180.87000000,180.89000000,142193.91000000
443,2024-04-08 20:00:00,180.89000000,180.96000000,179.71000000,180.46000000,137515.06000000
444,2024-04-08 21:00:00,180.46000000,181.40000000,179.97000000,179.98000000,116576.87000000
445,2024-04-08 22:00:00,179.97000000,180.47000000,178.54000000,179.38000000,120708.06000000
446,2024-04-08 23:00:00,179.38000000,180.62000000,179.19000000,180.01000000,71083.83000000
447,2024-04-09 00:00:00,180.01000000,181.66000000,179.92000000,181.36000000,64940.33000000
448,2024-04-09 01:00:00,181.35000000,181.35000000,180.44000000,181.14000000,87595.24000000
449,2024-04-09 02:00:00,181.14000000,181.29000000,180.00000000,180.68000000,77526.93000000
450,2024-04-09 03:00:00,180.68000000,180.90000000,179.51000000,179.93000000,108563.31000000
451,2024-04-09 04:00:00,179.93000000,180.12000000,178.64000000,179.11000000,107275.80000000
452,2024-04-09 05:00:00,179.10000000,180.41000000,178.80000000,179.36000000,67906.83000000
453,2024-04-09 06:00:00,179.36000000,179.66000000,176.50000000,177.50000000,143864.09000000
454,2024-04-09 07:00:00,177.50000000,177.98000000,176.74000000,177.73000000,105688.04000000
455,2024-04-09 08:00:00,177.74000000,178.67000000,177.51000000,178.24000000,84388.19000000
456,2024-04-09 09:00:00,178.24000000,178.47000000,175.42000000,176.40000000,245613.39000000
457,2024-04-09 10:00:00,176.40000000,176.73000000,175.02000000,175.62000000,161475.81000000
458,2024-04-09 11:00:00,175.61000000,175.76000000,173.17000000,175.31000000,264680.12000000
459,2024-04-09 12:00:00,175.31000000,176.01000000,174.45000000,175.15000000,98738.91000000
460,2024-04-09 13:00:00,175.15000000,175.92000000,174.69000000,175.61000000,87129.76000000
461,2024-04-09 14:00:00,175.61000000,176.44000000,175.54000000,176.21000000,63626.02000000
462,2024-04-09 15:00:00,176.20000000,176.68000000,175.32000000,175.76000000,100050.16000000
463,2024-04-09 16:00:00,175.77000000,175.91000000,173.43000000,173.44000000,132406.04000000
464,2024-04-09 17:00:00,173.43000000,174.60000000,169.86000000,171.53000000,371819.38000000
465,2024-04-09 18:00:00,171.52000000,172.57000000,169.11000000,172.47000000,216009.79000000
466,2024-04-09 19:00:00,172.48000000,174.58000000,171.76000000,174.02000000,228483.64000000
467,2024-04-09 20:00:00,174.03000000,177.65000000,173.40000000,175.54000000,300695.88000000
468,2024-04-09 21:00:00,175.55000000,176.00000000,174.13000000,174.51000000,98361.22000000
469,2024-04-09 22:00:00,174.51000000,174.82000000,173.63000000,174.33000000,67181.26000000
470,2024-04-09 23:00:00,174.32000000,176.01000000,174.24000000,175.08000000,123445.41000000
471,2024-04-10 00:00:00,175.08000000,175.12000000,173.66000000,174.09000000,61831.52000000
472,2024-04-10 01:00:00,174.10000000,174.24000000,173.60000000,173.99000000,52095.71000000
473,2024-04-10 02:00:00,173.99000000,174.05000000,172.14000000,172.42000000,110555.61000000
474,2024-04-10 03:00:00,172.41000000,173.02000000,171.53000000,172.38000000,125714.34000000
475,2024-04-10 04:00:00,172.38000000,172.38000000,170.18000000,172.15000000,191968.45000000
476,2024-04-10 05:00:00,172.16000000,173.09000000,169.24000000,169.81000000,240485.44000000
477,2024-04-10 06:00:00,169.82000000,171.57000000,169.31000000,171.39000000,138308.07000000
478,2024-04-10 07:00:00,171.39000000,171.99000000,170.89000000,171.03000000,100733.07000000
479,2024-04-10 08:00:00,171.03000000,172.30000000,170.95000000,171.61000000,104523.99000000
480,2024-04-10 09:00:00,171.60000000,173.65000000,171.53000000,172.53000000,114403.56000000
481,2024-04-10 10:00:00,172.53000000,173.34000000,172.41000000,172.76000000,80867.73000000
482,2024-04-10 11:00:00,172.76000000,172.78000000,170.66000000,170.70000000,141088.12000000
483,2024-04-10 12:00:00,170.71000000,172.15000000,170.32000000,171.09000000,102737.23000000
484,2024-04-10 13:00:00,171.09000000,171.32000000,168.24000000,169.85000000,203559.69000000
485,2024-04-10 14:00:00,169.84000000,170.33000000,169.15000000,170.21000000,83608.21000000
486,2024-04-10 15:00:00,170.21000000,170.68000000,162.28000000,165.54000000,738680.99000000
487,2024-04-10 16:00:00,165.53000000,166.17000000,163.72000000,165.91000000,272220.83000000
488,2024-04-10 17:00:00,165.91000000,169.77000000,164.82000000,168.91000000,367574.62000000
489,2024-04-10 18:00:00,168.91000000,169.20000000,167.27000000,167.92000000,148012.20000000
490,2024-04-10 19:00:00,167.92000000,171.75000000,167.00000000,171.57000000,276597.16000000
491,2024-04-10 20:00:00,171.56000000,173.08000000,170.62000000,171.08000000,239102.75000000
492,2024-04-10 21:00:00,171.09000000,171.16000000,167.88000000,168.74000000,239616.06000000
493,2024-04-10 22:00:00,168.73000000,171.31000000,168.37000000,171.31000000,143946.58000000
494,2024-04-10 23:00:00,171.31000000,172.00000000,170.22000000,171.04000000,141378.77000000
495,2024-04-11 00:00:00,171.03000000,172.73000000,170.51000000,172.64000000,87975.33000000
496,2024-04-11 01:00:00,172.65000000,175.50000000,172.56000000,173.96000000,279614.66000000
497,2024-04-11 02:00:00,173.97000000,174.74000000,172.98000000,173.31000000,90749.80000000
498,2024-04-11 03:00:00,173.30000000,173.38000000,171.38000000,172.18000000,149019.92000000
499,2024-04-11 04:00:00,172.19000000,172.31000000,171.09000000,171.37000000,96024.89000000
